Oigo Name,Length,Tm,Tm (3' only),Sequence
GG_00001_(vector_backbone)_forward,19,67.384,67.384,GCCCGACGGCGAGGATCTC
GG_00002_(vector_backbone)_reverse,24,61.761,61.307,AACATGTTCTTTCCTGCGTTATCC
GG_00003_(GentR_rc)_forward,44,71.730,61.450,GGGGATAACGCAGGAAAGAACATGTTTAGGTGGCGGTACTTGGG
GG_00004_(GentR_rc)_reverse,49,77.638,61.475,GGTCACGACGAGATCCTCGCCGTCGGGCGGTTGCGATCTTTTCTACGGG
GG_00005_(RifR_rc)_forward,55,69.029,62.546,GGGGATAACGCAGGAAAGAACATGTTTAATCTTCAATAACATGTAAACCACGACG
GG_00006_(SpecR_rc)_forward,47,70.300,60.748,GGGGATAACGCAGGAAAGAACATGTTTATTTGCCGACTACCTTGGTG
GG_00007_(SpecR_rc)_reverse,48,77.802,60.178,GGTCACGACGAGATCCTCGCCGTCGGGCGGATATCCGGATGAAGGCAC
GG_00008_(TetA_rc)_forward,44,73.065,65.665,GGGGATAACGCAGGAAAGAACATGTTCAGCGATCGGCTCGTTGC
GG_00009_(TetA_rc)_reverse,56,74.843,61.479,GGTCACGACGAGATCCTCGCCGTCGGGCTCATGATAATAATGGTTTCTTAGCACCC
